symbol,contract,price_scaled,updated_at
COIN,0x7dc167e270d5ef683ceaf4afcdf2efbdd667a9a7,2188746,2026-10-06 06:42:57
EARTH,0xc89384cd2970c916dc75da8e11524ebe6d77fa07,9792,2026-10-06 06:42:57
MUD,0x1cc30b8fc5d4480b1740b1676e3636fb1270c524,28693,2026-10-06 06:42:57
CLAY,0xa1af0dfa0884c7433f82bba89cb36e5b7b90a5c1,282619,2026-10-06 06:42:57
SAND,0xac861e0d31080e3b491747a968df567f81bc8605,809652,2026-10-06 06:42:57
COPPER,0x64ac88024e1bcc49e3ee145c165914f58998ec9b,22322292,2026-10-06 06:42:57
STEEL,0x798239fee069e2b5b3c58978aea92a3d0e16950c,104908604,2026-10-06 06:42:57
SCREWS,0xcc34d8e6a6f61358219d8e8a967ed7f191638449,222723366,2026-10-06 06:42:57
WATER,0x57a8eb80d6813aeeeb9c8e770011c016f980d581,5161566,2026-10-06 06:42:57
SEAWATER,0x84a162dfa5d818151bd8c8e804dae8cd96a0e15d,27488391,2026-10-06 06:42:57
ALGAE,0x9acddde6564924042e8acfd5bd137374af9dfae5,91840084,2026-10-06 06:42:57
OXYGEN,0xcf2bd4cddce432090d6a9725bec7a6aed77b41f0,228330946,2026-10-06 06:42:57
GAS,0x91720484fc3569af94d5049835048c83a1d32fa2,439426309,2026-10-06 06:42:57
FUEL,0x677203f3fcc63fe85a5abc8e6479a88deb86717b,1276495876,2026-10-06 06:42:57
OIL,0x27908a7052980b7537bcb72757cd59b57d5fae0b,3359808158,2026-10-06 06:42:57
FIRE,0x0e8edc6f5cac5dcae036ad77fc0de4e72404e2fb,22172127,2026-10-06 06:42:57
HEAT,0x415363b5c4600aa776b6c39fed866dee15179ab8,133517055,2026-10-06 06:42:57
LAVA,0x78eb25b148995a4ee373e65e93474ef0ed0fcc9a,477106022,2026-10-06 06:42:57
GLASS,0xf7604075a0ed6b4f6537ba2bab19f1f44f5e7aa4,1169931798,2026-10-06 06:42:57
SULFUR,0x85120a3d815e95fb8d68129593084bf97905f543,5622685468,2026-10-06 06:42:57
FIBERGLASS,0xab6b550c661862e637249d55207125ee6afe0aaa,17651422371,2026-10-06 06:42:57
CERAMICS,0x581e54c7a521519e98d256d39852e4c214cad697,157583204,2026-10-06 06:42:57
STONE,0xe7ad0fd3c832769437cc1240bffe5dff94fc9cf1,397001941,2026-10-06 06:42:57
CEMENT,0x04a581cf47ccc244a5ab715c7a105d63bbcb57ca,2253803054,2026-10-06 06:42:57
ACID,0xcd0c9f170e395ca1adc16ae9ae8107d50273e2e8,2230012195,2026-10-06 06:42:57
STEAM,0x5f146dff3b6a3e89188a3953d621637452ba4407,1938620798,2026-10-06 06:42:57
PLASTICS,0x8eabb6a3a05af9fb514482a677b12008a2ed6422,9727443166,2026-10-06 06:42:57
ENERGY,0xa3f0f293aee7ce8b4a3807bf9cc07942da4e51e8,14871890781,2026-10-06 06:42:57
HYDROGEN,0xb7d11863d0d9c39764f981a95ab8af0aed714c48,31128192900,2026-10-06 06:42:57
DYNAMITE,0x2918938cfde254cc76b68a4f6992927ee779104a,56452239402,2026-10-06 06:42:57
